{
  "Ansi 7 Color (Light)" : {
    "Red Component" : 0.87450980392156863,
    "Color Space" : "P3",
    "Blue Component" : 0.87058823529411766,
    "Alpha Component" : 1,
    "Green Component" : 0.87450980392156863
  },
  "Ansi 15 Color (Light)" : {
    "Red Component" : 0.99607843137254903,
    "Color Space" : "P3",
    "Blue Component" : 1,
    "Alpha Component" : 1,
    "Green Component" : 1
  },
  "Ansi 2 Color (Light)" : {
    "Red Component" : 0.6912606954574585,
    "Color Space" : "P3",
    "Blue Component" : 0.53476661443710327,
    "Alpha Component" : 1,
    "Green Component" : 0.89636272192001343
  },
  "Bold Color" : {
    "Red Component" : 0.78823530673980713,
    "Color Space" : "sRGB",
    "Blue Component" : 0.85098040103912354,
    "Alpha Component" : 1,
    "Green Component" : 0.81960785388946533
  },
  "Ansi 1 Color (Dark)" : {
    "Red Component" : 0.73333333333333328,
    "Color Space" : "P3",
    "Blue Component" : 0.54117647058823526,
    "Alpha Component" : 1,
    "Green Component" : 0.43137254901960786
  },
  "Use Bright Bold" : true,
  "Ansi 9 Color (Light)" : {
    "Red Component" : 0.91768306493759155,
    "Color Space" : "P3",
    "Blue Component" : 0.57174414396286011,
    "Alpha Component" : 1,
    "Green Component" : 0.44139015674591064
  },
  "Ansi 8 Color (Dark)" : {
    "Red Component" : 0.40781760215759277,
    "Color Space" : "sRGB",
    "Blue Component" : 0.4078223705291748,
    "Alpha Component" : 1,
    "Green Component" : 0.40782788395881653
  },
  "Background Color" : {
    "Red Component" : 0.023848101496696465,
    "Color Space" : "sRGB",
    "Blue Component" : 0.0327911376953125,
    "Alpha Component" : 1,
    "Green Component" : 0.026829112321138392
  },
  "Columns" : 150,
  "Ansi 8 Color" : {
    "Red Component" : 0.30000001192092896,
    "Color Space" : "sRGB",
    "Blue Component" : 0.30000001192092896,
    "Alpha Component" : 1,
    "Green Component" : 0.30000001192092896
  },
  "Right Option Key Sends" : 0,
  "Ansi 4 Color (Light)" : {
    "Red Component" : 0.51859778165817261,
    "Color Space" : "P3",
    "Blue Component" : 0.93645483255386353,
    "Alpha Component" : 1,
    "Green Component" : 0.60573470592498779
  },
  "Blinking Cursor" : false,
  "Selected Text Color (Light)" : {
    "Red Component" : 0,
    "Color Space" : "sRGB",
    "Blue Component" : 0,
    "Alpha Component" : 1,
    "Green Component" : 0
  },
  "Selected Text Color (Dark)" : {
    "Red Component" : 0,
    "Color Space" : "sRGB",
    "Blue Component" : 0,
    "Alpha Component" : 1,
    "Green Component" : 0
  },
  "Ansi 3 Color (Dark)" : {
    "Red Component" : 0.63921568627450975,
    "Color Space" : "P3",
    "Blue Component" : 0.40000000000000002,
    "Alpha Component" : 1,
    "Green Component" : 0.5725490196078431
  },
  "Keyboard Map" : {

  },
  "Visual Bell" : true,
  "Only The Default BG Color Uses Transparency" : true,
  "Cursor Text Color" : {
    "Red Component" : 0.062745101749896975,
    "Color Space" : "sRGB",
    "Blue Component" : 0.086274512112140656,
    "Alpha Component" : 1,
    "Green Component" : 0.070588238537311554
  },
  "Scrollback Lines" : 1000,
  "Selection Color (Light)" : {
    "Red Component" : 0.70196080207824707,
    "Color Space" : "sRGB",
    "Blue Component" : 1,
    "Alpha Component" : 1,
    "Green Component" : 0.84313726425170898
  },
  "Ansi 0 Color" : {
    "Red Component" : 0,
    "Color Space" : "sRGB",
    "Blue Component" : 0,
    "Alpha Component" : 1,
    "Green Component" : 0
  },
  "Match Background Color (Dark)" : {
    "Red Component" : 0.86182063817977905,
    "Color Space" : "P3",
    "Blue Component" : 0.55419248342514038,
    "Alpha Component" : 1,
    "Green Component" : 0.85772466659545898
  },
  "Ansi 11 Color (Light)" : {
    "Red Component" : 0.93333333333333335,
    "Color Space" : "P3",
    "Blue Component" : 0.69411764705882351,
    "Alpha Component" : 1,
    "Green Component" : 0.87058823529411766
  },
  "Ansi 5 Color (Dark)" : {
    "Red Component" : 0.6705882352941176,
    "Color Space" : "P3",
    "Blue Component" : 0.74117647058823533,
    "Alpha Component" : 1,
    "Green Component" : 0.42352941176470588
  },
  "Cursor Text Color (Light)" : {
    "Red Component" : 0.29159542918205261,
    "Color Space" : "P3",
    "Blue Component" : 0.29159542918205261,
    "Alpha Component" : 1,
    "Green Component" : 0.29159542918205261
  },
  "Silence Bell" : false,
  "Rows" : 42,
  "Draw Powerline Glyphs" : true,
  "Guid" : "40B42325-50DD-4C68-9D06-7B40558A0572",
  "Ansi 14 Color (Dark)" : {
    "Red Component" : 0.51652967929840088,
    "Color Space" : "P3",
    "Blue Component" : 0.87332403659820557,
    "Alpha Component" : 1,
    "Green Component" : 0.7741696834564209
  },
  "Ansi 15 Color (Dark)" : {
    "Red Component" : 0.99999600648880005,
    "Color Space" : "sRGB",
    "Blue Component" : 1,
    "Alpha Component" : 1,
    "Green Component" : 1
  },
  "Ansi 0 Color (Dark)" : {
    "Red Component" : 0.078431375324726105,
    "Color Space" : "sRGB",
    "Blue Component" : 0.11764705926179886,
    "Alpha Component" : 1,
    "Green Component" : 0.098039217293262482
  },
  "Ambiguous Double Width" : false,
  "Option Key Sends" : 0,
  "Ansi 3 Color" : {
    "Red Component" : 0.89019608497619629,
    "Color Space" : "sRGB",
    "Blue Component" : 0.25490197539329529,
    "Alpha Component" : 1,
    "Green Component" : 0.70196080207824707
  },
  "Window Type" : 0,
  "BM Growl" : true,
  "Underline Color" : {
    "Red Component" : 0.34735164046287537,
    "Color Space" : "sRGB",
    "Blue Component" : 0.3515625,
    "Alpha Component" : 1,
    "Green Component" : 0.090728402137756375
  },
  "Prompt Before Closing 2" : false,
  "Command" : "",
  "Use Bright Bold (Light)" : true,
  "Selected Text Color" : {
    "Red Component" : 1,
    "Color Space" : "sRGB",
    "Blue Component" : 1,
    "Alpha Component" : 1,
    "Green Component" : 1
  },
  "Ansi 14 Color (Light)" : {
    "Red Component" : 0.58370023965835571,
    "Color Space" : "P3",
    "Blue Component" : 0.90895372629165649,
    "Alpha Component" : 1,
    "Green Component" : 0.77983367443084717
  },
  "Cursor Guide Color (Dark)" : {
    "Red Component" : 0.37649588016392954,
    "Color Space" : "sRGB",
    "Blue Component" : 0.94099044799804688,
    "Alpha Component" : 0.25,
    "Green Component" : 0.80232617749205526
  },
  "ASCII Ligatures" : false,
  "Send Code When Idle" : false,
  "Ansi 6 Color" : {
    "Red Component" : 0.16862745583057404,
    "Color Space" : "sRGB",
    "Blue Component" : 0.5372549295425415,
    "Alpha Component" : 1,
    "Green Component" : 0.45490196347236633
  },
  "Jobs to Ignore" : [
    "rlogin",
    "ssh",
    "slogin",
    "telnet"
  ],
  "Badge Color (Dark)" : {
    "Red Component" : 0.9787440299987793,
    "Color Space" : "sRGB",
    "Blue Component" : 0.65218597462148864,
    "Alpha Component" : 0.5,
    "Green Component" : 0.65218597462148864
  },
  "Cursor Color" : {
    "Red Component" : 0.78823530673980713,
    "Color Space" : "sRGB",
    "Blue Component" : 0.85098040103912354,
    "Alpha Component" : 1,
    "Green Component" : 0.81960785388946533
  },
  "Vertical Spacing" : 1,
  "Bound Hosts" : [

  ],
  "Disable Window Resizing" : true,
  "Close Sessions On End" : true,
  "Selection Color (Dark)" : {
    "Red Component" : 0.70196080207824707,
    "Color Space" : "sRGB",
    "Blue Component" : 1,
    "Alpha Component" : 1,
    "Green Component" : 0.84313726425170898
  },
  "Default Bookmark" : "No",
  "Tab Color" : {
    "Red Component" : 0.30349937081336975,
    "Color Space" : "sRGB",
    "Blue Component" : 0.72426152229309082,
    "Alpha Component" : 1,
    "Green Component" : 0.815704345703125
  },
  "Foreground Color (Light)" : {
    "Red Component" : 0.97647058823529409,
    "Color Space" : "P3",
    "Blue Component" : 0.97647058823529409,
    "Alpha Component" : 1,
    "Green Component" : 0.97647058823529409
  },
  "Custom Command" : "No",