{
"Profiles": [
{
  "Ansi 7 Color (Light)" : {
    "Red Component" : 0.87592893838882446,
    "Color Space" : "P3",
    "Blue Component" : 0.87310713529586792,
    "Alpha Component" : 1,
    "Green Component" : 0.87463092803955078
  },
  "Ansi 15 Color (Light)" : {
    "Red Component" : 0.99999994039535522,
    "Color Space" : "P3",
    "Blue Component" : 1,
    "Alpha Component" : 1,
    "Green Component" : 1
  },
  "Ansi 2 Color (Light)" : {
    "Red Component" : 0.31251925230026245,
    "Color Space" : "P3",
    "Blue Component" : 0.22924754023551941,
    "Alpha Component" : 1,
    "Green Component" : 0.46545946598052979
  },
  "Bold Color" : {
    "Red Component" : 0.062745101749897003,
    "Color Space" : "sRGB",
    "Blue Component" : 0.062745101749897003,
    "Alpha Component" : 1,
    "Green Component" : 0.062745101749897003
  },
  "Ansi 1 Color (Dark)" : {
    "Red Component" : 0.73572069406509399,
    "Color Space" : "P3",
    "Blue Component" : 0.54248714447021484,
    "Alpha Component" : 1,
    "Green Component" : 0.43431243300437927
  },
  "Use Bright Bold" : true,
  "Ansi 9 Color (Light)" : {
    "Red Component" : 0.72157746553421021,
    "Color Space" : "P3",
    "Blue Component" : 0.37241977453231812,
    "Alpha Component" : 1,
    "Green Component" : 0.22846195101737976
  },
  "Ansi 8 Color (Dark)" : {
    "Red Component" : 0.251861572265625,
    "Color Space" : "P3",
    "Blue Component" : 0.251861572265625,
    "Alpha Component" : 1,
    "Green Component" : 0.251861572265625
  },
  "Background Color" : {
    "Red Component" : 0.97999999999999998,
    "Color Space" : "sRGB",
    "Blue Component" : 0.97999999999999998,
    "Alpha Component" : 1,
    "Green Component" : 0.97999999999999998
  },
  "Columns" : 200,
  "Ansi 8 Color" : {
    "Red Component" : 0.40781760215759277,
    "Color Space" : "sRGB",
    "Blue Component" : 0.4078223705291748,
    "Alpha Component" : 1,
    "Green Component" : 0.40782788395881653
  },
  "Right Option Key Sends" : 0,
  "Ansi 4 Color (Light)" : {
    "Red Component" : 0.26312318444252014,
    "Color Space" : "P3",
    "Blue Component" : 0.81510907411575317,
    "Alpha Component" : 1,
    "Green Component" : 0.42274552583694458
  },
  "Blinking Cursor" : false,
  "Selected Text Color (Light)" : {
    "Red Component" : 1,
    "Color Space" : "sRGB",
    "Blue Component" : 1,
    "Alpha Component" : 1,
    "Green Component" : 1
  },
  "Selected Text Color (Dark)" : {
    "Red Component" : 1,
    "Color Space" : "sRGB",
    "Blue Component" : 1,
    "Alpha Component" : 1,
    "Green Component" : 1
  },
  "Ansi 3 Color (Dark)" : {
    "Red Component" : 0.63932645320892334,
    "Color Space" : "P3",
    "Blue Component" : 0.40359807014465332,
    "Alpha Component" : 1,
    "Green Component" : 0.57512325048446655
  },
  "Keyboard Map" : {

  },
  "Visual Bell" : true,
  "Only The Default BG Color Uses Transparency" : true,
  "Cursor Text Color" : {
    "Red Component" : 1,
    "Color Space" : "sRGB",
    "Blue Component" : 1,
    "Alpha Component" : 1,
    "Green Component" : 1
  },
  "Scrollback Lines" : 1000,
  "Selection Color (Light)" : {
    "Red Component" : 0.70549893379211426,
    "Color Space" : "P3",
    "Blue Component" : 0.80487626791000366,
    "Alpha Component" : 1,
    "Green Component" : 0.73658090829849243
  },
  "Ansi 0 Color" : {
    "Red Component" : 0.078431375324726105,
    "Color Space" : "sRGB",
    "Blue Component" : 0.11764705926179886,
    "Alpha Component" : 1,
    "Green Component" : 0.098039217293262482
  },
  "Match Background Color (Dark)" : {
    "Red Component" : 0.94011235237121582,
    "Color Space" : "P3",
    "Blue Component" : 0.61663138866424561,
    "Alpha Component" : 1,
    "Green Component" : 0.93539398908615112
  },
  "Ansi 11 Color (Light)" : {
    "Red Component" : 0.78783255815505981,
    "Color Space" : "P3",
    "Blue Component" : 0.21122977137565613,
    "Alpha Component" : 1,
    "Green Component" : 0.61624997854232788
  },
  "Ansi 5 Color (Dark)" : {
    "Red Component" : 0.67440497875213623,
    "Color Space" : "P3",
    "Blue Component" : 0.74223452806472778,
    "Alpha Component" : 1,
    "Green Component" : 0.42494159936904907
  },
  "Cursor Text Color (Light)" : {
    "Red Component" : 0.9764558673,
    "Color Space" : "P3",
    "Blue Component" : 0.96862667800000002,
    "Alpha Component" : 1,
    "Green Component" : 0.97255688910000004
  },
  "Silence Bell" : false,
  "Rows" : 48,
  "Draw Powerline Glyphs" : true,
  "Guid" : "95FE9DEC-D429-4248-93EC-20EBD8C39CF1",
  "Ansi 14 Color (Dark)" : {
    "Red Component" : 0.35874670743942261,
    "Color Space" : "P3",
    "Blue Component" : 0.77358001470565796,
    "Alpha Component" : 1,
    "Green Component" : 0.7013513445854187
  },
  "Ansi 15 Color (Dark)" : {
    "Red Component" : 1,
    "Color Space" : "sRGB",
    "Blue Component" : 1,
    "Alpha Component" : 1,
    "Green Component" : 1
  },
  "Ansi 0 Color (Dark)" : {
    "Red Component" : 0,
    "Color Space" : "sRGB",
    "Blue Component" : 0,
    "Alpha Component" : 1,
    "Green Component" : 0
  },
  "Ambiguous Double Width" : false,
  "Option Key Sends" : 0,
  "Ansi 3 Color" : {
    "Red Component" : 0.78058648109436035,
    "Color Space" : "sRGB",
    "Blue Component" : 0,
    "Alpha Component" : 1,
    "Green Component" : 0.76959484815597534
  },
  "Window Type" : 0,
  "BM Growl" : true,
  "Prompt Before Closing 2" : false,
  "Command" : "",
  "Selected Text Color" : {
    "Red Component" : 0,
    "Color Space" : "sRGB",
    "Blue Component" : 0,
    "Alpha Component" : 1,
    "Green Component" : 0
  },
  "Ansi 14 Color (Light)" : {
    "Red Component" : 0.38940322399139404,
    "Color Space" : "P3",
    "Blue Component" : 0.65257006883621216,
    "Alpha Component" : 1,
    "Green Component" : 0.56307315826416016
  },
  "Cursor Guide Color (Dark)" : {
    "Red Component" : 0.70213186740875244,
    "Color Space" : "sRGB",
    "Blue Component" : 1,
    "Alpha Component" : 0.25,
    "Green Component" : 0.9268307089805603
  },
  "Send Code When Idle" : false,
  "Ansi 6 Color" : {
    "Red Component" : 0,
    "Color Space" : "sRGB",
    "Blue Component" : 0.78166204690933228,
    "Alpha Component" : 1,
    "Green Component" : 0.77425903081893921
  },
  "Jobs to Ignore" : [
    "rlogin",
    "ssh",
    "slogin",
    "telnet"
  ],
  "Badge Color (Dark)" : {
    "Red Component" : 0.21960784494876862,
    "Color Space" : "sRGB",
    "Blue Component" : 0.99215686321258545,
    "Alpha Component" : 0.5,
    "Green Component" : 0.54509806632995605
  },
  "Cursor Color" : {
    "Red Component" : 0,
    "Color Space" : "sRGB",
    "Blue Component" : 0,
    "Alpha Component" : 1,
    "Green Component" : 0
  },
  "Vertical Spacing" : 1,
  "Disable Window Resizing" : true,
  "Close Sessions On End" : true,
  "Selection Color (Dark)" : {
    "Red Component" : 0.23137255012989044,
    "Color Space" : "sRGB",
    "Blue Component" : 0.43921568989753723,
    "Alpha Component" : 1,
    "Green Component" : 0.31372550129890442
  },
  "Default Bookmark" : "No",
  "Foreground Color (Light)" : {
    "Red Component" : 0.098549045622348785,
    "Color Space" : "P3",
    "Blue Component" : 0.092252336442470551,
    "Alpha Component" : 1,
    "Green Component" : 0.096665792167186737
  },
  "Custom Command" : "No",
  "Background Color (Dark)" : {
    "Red Component" : 0.023848101496696472,
    "Color Space" : "sRGB",
    "Blue Component" : 0.0327911376953125,
    "Alpha Component" : 1,
    "Green Component" : 0.026829112321138382
  },
  "Ansi 9 Color" : {
    "Red Component" : 0.8659515380859375,
    "Color Space" : "sRGB",
    "Blue Component" : 0.45833224058151245,
    "Alpha Component" : 1,
    "Green Component" : 0.47524076700210571
  },
  "Ansi 14 Color" : {
    "Red Component" : 0.37597531080245972,
    "Color Space" : "sRGB",
    "Blue Component" : 1,
    "Alpha Component" : 1,
    "Green Component" : 0.99263292551040649
  },
  "Flashing Bell" : false,